Name,Team,Twitter_name,Wiki,Division,Conference
Kadeem Allen,Boston Celtics,@AllenKadeem,/wiki/Kadeem_Allen,Atlantic Division,EASTERN CONFERENCE
Aron Baynes,Boston Celtics,@aronbaynes,/wiki/Aron_Baynes,Atlantic Division,EASTERN CONFERENCE
Jabari Bird,Boston Celtics,@JabariBird,/wiki/Jabari_Bird,Atlantic Division,EASTERN CONFERENCE
Jaylen Brown,Boston Celtics,@FCHWPO,/wiki/Jaylen_Brown,Atlantic Division,EASTERN CONFERENCE
Gordon Hayward,Boston Celtics,@gordonhayward,/wiki/Gordon_Hayward,Atlantic Division,EASTERN CONFERENCE
Al Horford,Boston Celtics,@Al_Horford,/wiki/Al_Horford,Atlantic Division,EASTERN CONFERENCE
Kyrie Irving,Boston Celtics,@KyrieIrving,/wiki/Kyrie_Irving,Atlantic Division,EASTERN CONFERENCE
Shane Larkin,Boston Celtics,@ShaneLarkin_3,/wiki/Shane_Larkin,Atlantic Division,EASTERN CONFERENCE
Abdel Nader,Boston Celtics,@AbdelNader2,/wiki/Abdel_Nader,Atlantic Division,EASTERN CONFERENCE
Semi Ojeleye,Boston Celtics,@semi,/wiki/Semi_Ojeleye,Atlantic Division,EASTERN CONFERENCE
Terry Rozier,Boston Celtics,@T_Rozzay3,/wiki/Terry_Rozier,Atlantic Division,EASTERN CONFERENCE
Marcus Smart,Boston Celtics,@smart_MS3,/wiki/Marcus_Smart,Atlantic Division,EASTERN CONFERENCE
Jayson Tatum,Boston Celtics,@jaytatum0,/wiki/Jayson_Tatum,Atlantic Division,EASTERN CONFERENCE
Daniel Theis,Boston Celtics,@dtheis10,/wiki/Daniel_Theis,Atlantic Division,EASTERN CONFERENCE
Guerschon Yabusele,Boston Celtics,@JohnSim22,/wiki/Guerschon_Yabusele,Atlantic Division,EASTERN CONFERENCE
Quincy Acy,Brooklyn Nets,@QuincyAcy,/wiki/Quincy_Acy,Atlantic Division,EASTERN CONFERENCE
Jarrett Allen,Brooklyn Nets,@_bigjayy_,/wiki/Jarrett_Allen,Atlantic Division,EASTERN CONFERENCE
DeMarre Carroll,Brooklyn Nets,@DeMarreCarroll1,/wiki/DeMarre_Carroll,Atlantic Division,EASTERN CONFERENCE
DeMarre Carroll,Brooklyn Nets,@DeMarreCarroll1,/wiki/DeMarre_Carroll,Atlantic Division,EASTERN CONFERENCE
Allen Crabbe,Brooklyn Nets,@allencrabbe,/wiki/Allen_Crabbe,Atlantic Division,EASTERN CONFERENCE
Spencer Dinwiddie,Brooklyn Nets,@SDinwiddie_25,/wiki/Spencer_Dinwiddie,Atlantic Division,EASTERN CONFERENCE
Milton Doyle,Brooklyn Nets,@MDLU35,/wiki/Milton_Doyle,Atlantic Division,EASTERN CONFERENCE
Rondae Hollis-Jefferson,Brooklyn Nets,@IAmCHAP24,/wiki/Rondae_Hollis-Jefferson,Atlantic Division,EASTERN CONFERENCE
Caris LeVert,Brooklyn Nets,@CarisLeVert,/wiki/Caris_LeVert,Atlantic Division,EASTERN CONFERENCE
Jeremy Lin,Brooklyn Nets,@JLin7,/wiki/Jeremy_Lin,Atlantic Division,EASTERN CONFERENCE
Jahlil Okafor,Brooklyn Nets,@JahlilOkafor,/wiki/Jahlil_Okafor,Atlantic Division,EASTERN CONFERENCE
D'Angelo Russell,Brooklyn Nets,@Dloading,/wiki/D%27Angelo_Russell,Atlantic Division,EASTERN CONFERENCE
Nik Stauskas,Brooklyn Nets,@NStauskas11,/wiki/Nik_Stauskas,Atlantic Division,EASTERN CONFERENCE
Isaiah Whitehead,Brooklyn Nets,@IsaiahW_15,/wiki/Isaiah_Whitehead,Atlantic Division,EASTERN CONFERENCE
Jacob Wiley,Brooklyn Nets,@Jwiley_24,/wiki/Jacob_Wiley,Atlantic Division,EASTERN CONFERENCE
Tyler Zeller,Brooklyn Nets,@ZellerTyler,/wiki/Tyler_Zeller,Atlantic Division,EASTERN CONFERENCE
Michael Beasley,New York Knicks,@Michael8easley,/wiki/Michael_Beasley,Atlantic Division,EASTERN CONFERENCE
Damyean Dotson,New York Knicks,@staytuned21,/wiki/Damyean_Dotson,Atlantic Division,EASTERN CONFERENCE
Tim Hardaway Jr.,New York Knicks,@T_HardJR,/wiki/Tim_Hardaway_Jr.,Atlantic Division,EASTERN CONFERENCE
Willy Hernangomez,New York Knicks,@willyhg94,/wiki/Willy_Hernang%C3%B3mez,Atlantic Division,EASTERN CONFERENCE
Isaiah Hicks,New York Knicks,@IDHicks,/wiki/Isaiah_Hicks,Atlantic Division,EASTERN CONFERENCE
Jarrett Jack,New York Knicks,@Jarrettjack03,/wiki/Jarrett_Jack,Atlantic Division,EASTERN CONFERENCE
Enes Kanter,New York Knicks,@Enes_Kanter,/wiki/Enes_Kanter,Atlantic Division,EASTERN CONFERENCE
Luke Kornet,New York Knicks,@bigshin32,/wiki/Luke_Kornet,Atlantic Division,EASTERN CONFERENCE
Courtney Lee,New York Knicks,@CourtneyLee5,/wiki/Courtney_Lee,Atlantic Division,EASTERN CONFERENCE
Doug McDermott,New York Knicks,@dougmcdermott,/wiki/Doug_McDermott,Atlantic Division,EASTERN CONFERENCE
Joakim Noah,New York Knicks,@JoakimNoah,/wiki/Joakim_Noah,Atlantic Division,EASTERN CONFERENCE
Frank Ntilikina,New York Knicks,@FrankLikina,/wiki/Frank_Ntilikina,Atlantic Division,EASTERN CONFERENCE
Kyle O'Quinn,New York Knicks,@kyle_oquinn,/wiki/Kyle_O%27Quinn,Atlantic Division,EASTERN CONFERENCE
Kristaps Porzingis,New York Knicks,@kporzee,/wiki/Kristaps_Porzi%C5%86%C4%A3is,Atlantic Division,EASTERN CONFERENCE
Ramon Sessions,New York Knicks,@SessionsRamon,/wiki/Ramon_Sessions,Atlantic Division,EASTERN CONFERENCE
Lance Thomas,New York Knicks,@MrLance42,/wiki/Lance_Thomas,Atlantic Division,EASTERN CONFERENCE
Jerryd Bayless,Philadelphia 76ers,@jerrydbayless,/wiki/Jerryd_Bayless,Atlantic Division,EASTERN CONFERENCE
Trevor Booker,Philadelphia 76ers,@35_Fitz,/wiki/Trevor_Booker,Atlantic Division,EASTERN CONFERENCE
Robert Covington,Philadelphia 76ers,@Holla_At_Rob33,/wiki/Robert_Covington,Atlantic Division,EASTERN CONFERENCE
Joel Embiid,Philadelphia 76ers,@joelembiid,/wiki/Joel_Embiid,Atlantic Division,EASTERN CONFERENCE
Markelle Fultz,Philadelphia 76ers,@MarkelleF,/wiki/Markelle_Fultz,Atlantic Division,EASTERN CONFERENCE
Richaun Holmes,Philadelphia 76ers,@Rich_Holmes22,/wiki/Richaun_Holmes,Atlantic Division,EASTERN CONFERENCE
Amir Johnson,Philadelphia 76ers,@iamamirjohnson,/wiki/Amir_Johnson,Atlantic Division,EASTERN CONFERENCE
Furkan Korkmaz,Philadelphia 76ers,@FurkanKorkmazFK,/wiki/Furkan_Korkmaz,Atlantic Division,EASTERN CONFERENCE
Timothé Luwawu-Cabarrot,Philadelphia 76ers,@timcabs,/wiki/Timoth%C3%A9_Luwawu-Cabarrot,Atlantic Division,EASTERN CONFERENCE
James Michael McAdoo,Philadelphia 76ers,@jamesmcadoo,/wiki/James_Michael_McAdoo,Atlantic Division,EASTERN CONFERENCE
T. J. McConnell,Philadelphia 76ers,@TJMcConnell,/wiki/T._J._McConnell,Atlantic Division,EASTERN CONFERENCE
Jacob Pullen,Philadelphia 76ers,@Jpullz0,/wiki/Jacob_Pullen,Atlantic Division,EASTERN CONFERENCE
J. J. Redick,Philadelphia 76ers,@JRedick4,/wiki/J._J._Redick,Atlantic Division,EASTERN CONFERENCE
Dario Saric,Philadelphia 76ers,@dariosaric,/wiki/Dario_%C5%A0ari%C4%87,Atlantic Division,EASTERN CONFERENCE
Ben Simmons,Philadelphia 76ers,@BenSimmons25,/wiki/Ben_Simmons,Atlantic Division,EASTERN CONFERENCE
OG Anunoby,Toronto Raptors,@OAnunoby,/wiki/OG_Anunoby,Atlantic Division,EASTERN CONFERENCE
Lorenzo Brown,Toronto Raptors,@Zo_Brown,/wiki/Lorenzo_Brown,Atlantic Division,EASTERN CONFERENCE
Bruno Caboclo,Toronto Raptors,@Bruno_Caboclo,/wiki/Bruno_Caboclo,Atlantic Division,EASTERN CONFERENCE
DeMar DeRozan,Toronto Raptors,@DeMar_DeRozan,/wiki/DeMar_DeRozan,Atlantic Division,EASTERN CONFERENCE
Serge Ibaka,Toronto Raptors,@sergeibaka,/wiki/Serge_Ibaka,Atlantic Division,EASTERN CONFERENCE
Kyle Lowry,Toronto Raptors,@Klow7,/wiki/Kyle_Lowry,Atlantic Division,EASTERN CONFERENCE
Alfonzo McKinnie,Toronto Raptors,@_Alvo_,/wiki/Alfonzo_McKinnie,Atlantic Division,EASTERN CONFERENCE
C. J. Miles,Toronto Raptors,@masfresco,/wiki/C._J._Miles,Atlantic Division,EASTERN CONFERENCE
Lucas Nogueira,Toronto Raptors,@Bebe92,/wiki/Lucas_Nogueira,Atlantic Division,EASTERN CONFERENCE
Jakob Pöltl,Toronto Raptors,@JacobPoeltl,/wiki/Jakob_P%C3%B6ltl,Atlantic Division,EASTERN CONFERENCE
Norman Powell,Toronto Raptors,@npowell2404,/wiki/Norman_Powell,Atlantic Division,EASTERN CONFERENCE
Pascal Siakam,Toronto Raptors,@pskills43,/wiki/Pascal_Siakam,Atlantic Division,EASTERN CONFERENCE
Jonas Valanciunas,Toronto Raptors,@JValanciunas,/wiki/Jonas_Valan%C4%8Di%C5%ABnas,Atlantic Division,EASTERN CONFERENCE
Fred VanVleet,Toronto Raptors,@FredVanVleet,/wiki/Fred_VanVleet,Atlantic Division,EASTERN CONFERENCE
Delon Wright,Toronto Raptors,@delonwright,/wiki/Delon_Wright,Atlantic Division,EASTERN CONFERENCE
Ryan Arcidiacono,Chicago Bulls,@RyArch15,/wiki/Ryan_Arcidiacono,Central Division,EASTERN CONFERENCE
Antonio Blakeney,Chicago Bulls,@blakeney96,/wiki/Antonio_Blakeney,Central Division,EASTERN CONFERENCE
Kris Dunn,Chicago Bulls,@KrisDunn3,/wiki/Kris_Dunn,Central Division,EASTERN CONFERENCE
Cristiano Felicio,Chicago Bulls,@IamFelicio,/wiki/Cristiano_Fel%C3%ADcio,Central Division,EASTERN CONFERENCE
Jerian Grant,Chicago Bulls,@jeriangrant,/wiki/Jerian_Grant,Central Division,EASTERN CONFERENCE
Justin Holiday,Chicago Bulls,@JustHolla7,/wiki/Justin_Holiday,Central Division,EASTERN CONFERENCE
Zach LaVine,Chicago Bulls,@ZachLaVine,/wiki/Zach_LaVine,Central Division,EASTERN CONFERENCE
Robin Lopez,Chicago Bulls,@rolopez42,/wiki/Robin_Lopez,Central Division,EASTERN CONFERENCE
Lauri Markkanen,Chicago Bulls,@MarkkanenLauri,/wiki/Lauri_Markkanen,Central Division,EASTERN CONFERENCE
Nikola Mirotic,Chicago Bulls,@threekola,/wiki/Nikola_Miroti%C4%87,Central Division,EASTERN CONFERENCE
David Nwaba,Chicago Bulls,@dnwaba0,/wiki/David_Nwaba,Central Division,EASTERN CONFERENCE
Cameron Payne,Chicago Bulls,@ThaRealKillaCam,/wiki/Cameron_Payne,Central Division,EASTERN CONFERENCE
Quincy Pondexter,Chicago Bulls,@quincypondexter,/wiki/Quincy_Pondexter,Central Division,EASTERN CONFERENCE
Bobby Portis,Chicago Bulls,@BPortistime,/wiki/Bobby_Portis,Central Division,EASTERN CONFERENCE
Denzel Valentine,Chicago Bulls,@denzelvalentine,/wiki/Denzel_Valentine,Central Division,EASTERN CONFERENCE
Jae Crowder,Cleveland Cavaliers,@CJC9BOSS,/wiki/Jae_Crowder,Central Division,EASTERN CONFERENCE
Channing Frye,Cleveland Cavaliers,@Channing_Frye,/wiki/Channing_Frye,Central Division,EASTERN CONFERENCE
LeBron James,Cleveland Cavaliers,@KingJames,/wiki/LeBron_James,Central Division,EASTERN CONFERENCE
Kyle Korver,Cleveland Cavaliers,@KyleKorver,/wiki/Kyle_Korver,Central Division,EASTERN CONFERENCE
Kevin Love,Cleveland Cavaliers,@kevinlove,/wiki/Kevin_Love,Central Division,EASTERN CONFERENCE
Cedi Osman,Cleveland Cavaliers,@cediosman,/wiki/Cedi_Osman,Central Division,EASTERN CONFERENCE
London Perrantes,Cleveland Cavaliers,@London_Tyus,/wiki/London_Perrantes,Central Division,EASTERN CONFERENCE
Derrick Rose,Cleveland Cavaliers,@drose,/wiki/Derrick_Rose,Central Division,EASTERN CONFERENCE
Iman Shumpert,Cleveland Cavaliers,@imanshumpert,/wiki/Iman_Shumpert,Central Division,EASTERN CONFERENCE
J. R. Smith,Cleveland Cavaliers,@therealjrsmith,/wiki/J._R._Smith,Central Division,EASTERN CONFERENCE
Tristan Thompson,Cleveland Cavaliers,@RealTristan13,/wiki/Tristan_Thompson,Central Division,EASTERN CONFERENCE
Dwyane Wade,Cleveland Cavaliers,@DwyaneWade,/wiki/Dwyane_Wade,Central Division,EASTERN CONFERENCE
Ante Zizic,Cleveland Cavaliers,@ante_zizic,/wiki/Ante_%C5%BDi%C5%BEi%C4%87,Central Division,EASTERN CONFERENCE
Avery Bradley,Detroit Pistons,@Avery0Bradley,/wiki/Avery_Bradley,Central Division,EASTERN CONFERENCE
Reggie Bullock,Detroit Pistons,@ReggieBullock35,/wiki/Reggie_Bullock,Central Division,EASTERN CONFERENCE
Dwight Buycks,Detroit Pistons,@BuycksWorld13,/wiki/Dwight_Buycks,Central Division,EASTERN CONFERENCE
Andre Drummond,Detroit Pistons,@AndreDrummond,/wiki/Andre_Drummond,Central Division,EASTERN CONFERENCE
Henry Ellenson,Detroit Pistons,@HenryEllenson13,/wiki/Henry_Ellenson,Central Division,EASTERN CONFERENCE
Langston Galloway,Detroit Pistons,@LangGalloway10,/wiki/Langston_Galloway,Central Division,EASTERN CONFERENCE
Tobias Harris,Detroit Pistons,‏@tobias31,/wiki/Tobias_Harris,Central Division,EASTERN CONFERENCE
Jon Leuer,Detroit Pistons,@JonLeuer30,/wiki/Jon_Leuer,Central Division,EASTERN CONFERENCE
Eric Moreland,Detroit Pistons,@EricMoreland15,/wiki/Eric_Moreland,Central Division,EASTERN CONFERENCE
Ish Smith,Detroit Pistons,@IshSmith,/wiki/Ish_Smith,Central Division,EASTERN CONFERENCE
Anthony Tolliver,Detroit Pistons,@ATolliver44,/wiki/Anthony_Tolliver,Central Division,EASTERN CONFERENCE
Anthony Tolliver,Detroit Pistons,@ATolliver44,/wiki/Anthony_Tolliver,Central Division,EASTERN CONFERENCE
Ike Anigbogu,Indiana Pacers,@IkePostrs_,/wiki/Ike_Anigbogu,Central Division,EASTERN CONFERENCE
Bojan Bogdanovic,Indiana Pacers,@44Bojan,/wiki/Bojan_Bogdanovi%C4%87,Central Division,EASTERN CONFERENCE
Darren Collison,Indiana Pacers,@Darren_Collison,/wiki/Darren_Collison,Central Division,EASTERN CONFERENCE
Al Jefferson,Indiana Pacers,@al25jefferson,/wiki/Al_Jefferson,Central Division,EASTERN CONFERENCE
Cory Joseph,Indiana Pacers,@Cory_Joe,/wiki/Cory_Joseph,Central Division,EASTERN CONFERENCE
T. J. Leaf,Indiana Pacers,@leafsquad22,/wiki/T._J._Leaf,Central Division,EASTERN CONFERENCE
Victor Oladipo,Indiana Pacers,@VicOladipo,/wiki/Victor_Oladipo,Central Division,EASTERN CONFERENCE
Alex Poythress,Indiana Pacers,@AlexTheGreat22,/wiki/Alex_Poythress,Central Division,EASTERN CONFERENCE
Glenn Robinson III,Indiana Pacers,@GRIII,/wiki/Glenn_Robinson_III,Central Division,EASTERN CONFERENCE
Domantas Sabonis,Indiana Pacers,@Dsabonis11,/wiki/Domantas_Sabonis,Central Division,EASTERN CONFERENCE
Lance Stephenson,Indiana Pacers,@StephensonLance,/wiki/Lance_Stephenson,Central Division,EASTERN CONFERENCE
Edmond Sumner,Indiana Pacers,@EdmondSumner,/wiki/Edmond_Sumner,Central Division,EASTERN CONFERENCE
Damien Wilkins,Indiana Pacers,@dwilkins3000,/wiki/Damien_Wilkins,Central Division,EASTERN CONFERENCE
Thaddeus Young,Indiana Pacers,@yungsmoove21,/wiki/Thaddeus_Young,Central Division,EASTERN CONFERENCE
Giannis Antetokounmpo,Milwaukee Bucks,@Giannis_An34,/wiki/Giannis_Antetokounmpo,Central Division,EASTERN CONFERENCE
Eric Bledsoe,Milwaukee Bucks,@EBled2,/wiki/Eric_Bledsoe,Central Division,EASTERN CONFERENCE
Joel Bolomboy,Milwaukee Bucks,@Bolomboy21,/wiki/Joel_Bolomboy,Central Division,EASTERN CONFERENCE
Malcolm Brogdon,Milwaukee Bucks,@JeffFischel,/wiki/Malcolm_Brogdon,Central Division,EASTERN CONFERENCE
Matthew Dellavedova,Milwaukee Bucks,@matthewdelly,/wiki/Matthew_Dellavedova,Central Division,EASTERN CONFERENCE
Sean Kilpatrick,Milwaukee Bucks,@SeanKilpatrick,/wiki/Sean_Kilpatrick,Central Division,EASTERN CONFERENCE
Thon Maker,Milwaukee Bucks,@ThonMaker14,/wiki/Thon_Maker,Central Division,EASTERN CONFERENCE
Khris Middleton,Milwaukee Bucks,@Khris22m,/wiki/Khris_Middleton,Central Division,EASTERN CONFERENCE
Jabari Parker,Milwaukee Bucks,@JabariParker,/wiki/Jabari_Parker,Central Division,EASTERN CONFERENCE
Mirza Teletovic,Milwaukee Bucks,@Teletovic33,/wiki/Mirza_Teletovi%C4%87,Central Division,EASTERN CONFERENCE
Jason Terry,Milwaukee Bucks,@jasonterry31,/wiki/Jason_Terry,Central Division,EASTERN CONFERENCE
Rashad Vaughn,Milwaukee Bucks,@ShowtimeMr1,/wiki/Rashad_Vaughn,Central Division,EASTERN CONFERENCE
D. J. Wilson,Milwaukee Bucks,@Lanky_Smoove,/wiki/D._J._Wilson,Central Division,EASTERN CONFERENCE
Luke Babbitt,Atlanta Hawks,@YungBabbitt,/wiki/Luke_Babbitt,Southeast Division,EASTERN CONFERENCE
Kent Bazemore,Atlanta Hawks,@24Bazemore,/wiki/Kent_Bazemore,Southeast Division,EASTERN CONFERENCE
Marco Belinelli,Atlanta Hawks,@marcobelinelli,/wiki/Marco_Belinelli,Southeast Division,EASTERN CONFERENCE
DeAndre' Bembry,Atlanta Hawks,@fearthefro95,/wiki/DeAndre%27_Bembry,Southeast Division,EASTERN CONFERENCE
Tyler Cavanaugh,Atlanta Hawks,@tycav34,/wiki/Tyler_Cavanaugh,Southeast Division,EASTERN CONFERENCE
Dewayne Dedmon,Atlanta Hawks,@d_dedmon3,/wiki/Dewayne_Dedmon,Southeast Division,EASTERN CONFERENCE
Malcolm Delaney,Atlanta Hawks,@foe23,/wiki/Malcolm_Delaney,Southeast Division,EASTERN CONFERENCE
Tyler Dorsey,Atlanta Hawks,@TDORSEY_1,/wiki/Tyler_Dorsey,Southeast Division,EASTERN CONFERENCE
Ersan Ilyasova,Atlanta Hawks,@ErsanIlyasova7,/wiki/Ersan_%C4%B0lyasova,Southeast Division,EASTERN CONFERENCE
Josh Magette,Atlanta Hawks,@ATLHawks,/wiki/Josh_Magette,Southeast Division,EASTERN CONFERENCE
Mike Muscala,Atlanta Hawks,@mikemuscala,/wiki/Mike_Muscala,Southeast Division,EASTERN CONFERENCE
Taurean Prince,Atlanta Hawks,@ATLHawks,/wiki/Taurean_Prince,Southeast Division,EASTERN CONFERENCE
Dennis Schröder,Atlanta Hawks,@DennisMike93,/wiki/Dennis_Schr%C3%B6der,Southeast Division,EASTERN CONFERENCE
Isaiah Taylor,Atlanta Hawks,@Zay_Ctmd11,/wiki/Isaiah_Taylor,Southeast Division,EASTERN CONFERENCE
Dwayne Bacon,Charlotte Hornets,@BaconDwayne1000,/wiki/Dwayne_Bacon,Southeast Division,EASTERN CONFERENCE
Nicolas Batum,Charlotte Hornets,@nicolas88batum,/wiki/Nicolas_Batum,Southeast Division,EASTERN CONFERENCE
Michael Carter-Williams,Charlotte Hornets,@MCW1,/wiki/Michael_Carter-Williams,Southeast Division,EASTERN CONFERENCE
Treveon Graham,Charlotte Hornets,@TreBall21,/wiki/Treveon_Graham,Southeast Division,EASTERN CONFERENCE
Dwight Howard,Charlotte Hornets,@DwightHoward,/wiki/Dwight_Howard,Southeast Division,EASTERN CONFERENCE
Frank Kaminsky,Charlotte Hornets,@fskpart3,/wiki/Frank_Kaminsky,Southeast Division,EASTERN CONFERENCE
Michael Kidd-Gilchrist,Charlotte Hornets,@MKG14,/wiki/Michael_Kidd-Gilchrist,Southeast Division,EASTERN CONFERENCE
Jeremy Lamb,Charlotte Hornets,@jlamb,/wiki/Jeremy_Lamb,Southeast Division,EASTERN CONFERENCE
Mangok Mathiang,Charlotte Hornets,@M_Mango32,/wiki/Mangok_Mathiang,Southeast Division,EASTERN CONFERENCE
Malik Monk,Charlotte Hornets,@AhmadMonk,/wiki/Malik_Monk,Southeast Division,EASTERN CONFERENCE
Johnny O'Bryant III,Charlotte Hornets,@johnnyObryant3,/wiki/Johnny_O%27Bryant_III,Southeast Division,EASTERN CONFERENCE
Marcus Paige,Charlotte Hornets,@marcuspaige5,/wiki/Marcus_Paige,Southeast Division,EASTERN CONFERENCE
Julyan Stone,Charlotte Hornets,@julyanrcstone,/wiki/Julyan_Stone,Southeast Division,EASTERN CONFERENCE
Kemba Walker,Charlotte Hornets,@KembaWalker,/wiki/Kemba_Walker,Southeast Division,EASTERN CONFERENCE
Cody Zeller,Charlotte Hornets,@CodyZeller,/wiki/Cody_Zeller,Southeast Division,EASTERN CONFERENCE
Bam Adebayo,Miami Heat,@Bam1of1,/wiki/Bam_Adebayo,Southeast Division,EASTERN CONFERENCE
Goran Dragic,Miami Heat,@Goran_Dragic,/wiki/Goran_Dragi%C4%87,Southeast Division,EASTERN CONFERENCE
Wayne Ellington,Miami Heat,@WayneElli22,/wiki/Wayne_Ellington,Southeast Division,EASTERN CONFERENCE
Udonis Haslem,Miami Heat,@ThisisUD,/wiki/Udonis_Haslem,Southeast Division,EASTERN CONFERENCE
Rodney McGruder,Miami Heat,@RodneyMcGruder,/wiki/Rodney_McGruder,Southeast Division,EASTERN CONFERENCE
Jordan Mickey,Miami Heat,@Jmickey_02,/wiki/Jordan_Mickey,Southeast Division,EASTERN CONFERENCE
Kelly Olynyk,Miami Heat,@KellyOlynyk,/wiki/Kelly_Olynyk,Southeast Division,EASTERN CONFERENCE
Josh Richardson,Miami Heat,@J_Rich1,/wiki/Josh_Richardson,Southeast Division,EASTERN CONFERENCE
Dion Waiters,Miami Heat,@dionwaiters3,/wiki/Dion_Waiters,Southeast Division,EASTERN CONFERENCE
Derrick Walton,Miami Heat,@DerrickWalton10,/wiki/Derrick_Walton,Southeast Division,EASTERN CONFERENCE
Okaro White,Miami Heat,@owhite10,/wiki/Okaro_White,Southeast Division,EASTERN CONFERENCE
Hassan Whiteside,Miami Heat,@youngwhiteside,/wiki/Hassan_Whiteside,Southeast Division,EASTERN CONFERENCE
Justise Winslow,Miami Heat,@iamjustise,/wiki/Justise_Winslow,Southeast Division,EASTERN CONFERENCE
Jamel Artis,Orlando Magic,@melartis1,/wiki/Jamel_Artis,Southeast Division,EASTERN CONFERENCE
D. J. Augustin,Orlando Magic,@djaugustin14,/wiki/D._J._Augustin,Southeast Division,EASTERN CONFERENCE
Khem Birch,Orlando Magic,@mtlsgift,/wiki/Khem_Birch,Southeast Division,EASTERN CONFERENCE
Bismack Biyombo,Orlando Magic,@bismackbiyombo,/wiki/Bismack_Biyombo,Southeast Division,EASTERN CONFERENCE
Evan Fournier,Orlando Magic,@EvanFourmizz,/wiki/Evan_Fournier,Southeast Division,EASTERN CONFERENCE
Aaron Gordon,Orlando Magic,@Double0AG,/wiki/Aaron_Gordon,Southeast Division,EASTERN CONFERENCE
Mario Hezonja,Orlando Magic,@OrlandoMagic,/wiki/Mario_Hezonja,Southeast Division,EASTERN CONFERENCE
Jonathan Isaac,Orlando Magic,@jisaac_01,/wiki/Jonathan_Isaac,Southeast Division,EASTERN CONFERENCE
Wes Iwundu,Orlando Magic,@_Iwundu25,/wiki/Wes_Iwundu,Southeast Division,EASTERN CONFERENCE
Shelvin Mack,Orlando Magic,@ShelvinMack,/wiki/Shelvin_Mack,Southeast Division,EASTERN CONFERENCE
Adreian Payne,Orlando Magic,@Adreian_Payne,/wiki/Adreian_Payne,Southeast Division,EASTERN CONFERENCE
Terrence Ross,Orlando Magic,@T_DotFlight31,/wiki/Terrence_Ross,Southeast Division,EASTERN CONFERENCE
Jonathon Simmons,Orlando Magic,@ThaRealJsimms,/wiki/Jonathon_Simmons,Southeast Division,EASTERN CONFERENCE
Marreese Speights,Orlando Magic,@Mospeights16,/wiki/Marreese_Speights,Southeast Division,EASTERN CONFERENCE
Nikola Vucevic,Orlando Magic,@nikolavucevic,/wiki/Nikola_Vu%C4%8Devi%C4%87,Southeast Division,EASTERN CONFERENCE
Bradley Beal,Washington Wizards,@RealDealBeal23,/wiki/Bradley_Beal,Southeast Division,EASTERN CONFERENCE
Tim Frazier,Washington Wizards,@Timfraz23,/wiki/Tim_Frazier,Southeast Division,EASTERN CONFERENCE
Marcin Gortat,Washington Wizards,@MGortat,/wiki/Marcin_Gortat,Southeast Division,EASTERN CONFERENCE
Marcin Gortat,Washington Wizards,@MGortat,/wiki/Marcin_Gortat,Southeast Division,EASTERN CONFERENCE
Sheldon Mac,Washington Wizards,@sheldonmacc,/wiki/Sheldon_Mac,Southeast Division,EASTERN CONFERENCE
Ian Mahinmi,Washington Wizards,@Ianmahinmi,/wiki/Ian_Mahinmi,Southeast Division,EASTERN CONFERENCE
Chris McCullough,Washington Wizards,@briskuno,/wiki/Chris_McCullough,Southeast Division,EASTERN CONFERENCE
Jodie Meeks,Washington Wizards,@jmeeks20,/wiki/Jodie_Meeks,Southeast Division,EASTERN CONFERENCE
Markieff Morris,Washington Wizards,@keefmorris,/wiki/Markieff_Morris,Southeast Division,EASTERN CONFERENCE
Kelly Oubre Jr.,Washington Wizards,@KELLYOUBREJR,/wiki/Kelly_Oubre_Jr.,Southeast Division,EASTERN CONFERENCE
Otto Porter,Washington Wizards,@OttoPorter,/wiki/Otto_Porter,Southeast Division,EASTERN CONFERENCE
Devin Robinson,Washington Wizards,@drobbb3,/wiki/Devin_Robinson,Southeast Division,EASTERN CONFERENCE
Tomas Satoransky,Washington Wizards,@satoransky,/wiki/Tom%C3%A1%C5%A1_Satoransk%C3%BD,Southeast Division,EASTERN CONFERENCE
J. J. Barea,Dallas Mavericks,@jjbareapr,/wiki/J._J._Barea,Southwest Division,WESTERN CONFERENCE
Harrison Barnes,Dallas Mavericks,@HBarnes,/wiki/Harrison_Barnes,Southwest Division,WESTERN CONFERENCE
Kyle Collinsworth,Dallas Mavericks,@bigrussia5,/wiki/Kyle_Collinsworth,Southwest Division,WESTERN CONFERENCE
Seth Curry,Dallas Mavericks,@sdotcurry,/wiki/Seth_Curry,Southwest Division,WESTERN CONFERENCE
Yogi Ferrell,Dallas Mavericks,@YogiFerrell11,/wiki/Yogi_Ferrell,Southwest Division,WESTERN CONFERENCE
Dorian Finney-Smith,Dallas Mavericks,@doefinney_10,/wiki/Dorian_Finney-Smith,Southwest Division,WESTERN CONFERENCE
Devin Harris,Dallas Mavericks,@Dev34Harris,/wiki/Devin_Harris,Southwest Division,WESTERN CONFERENCE
Maxi Kleber,Dallas Mavericks,@MaxiKleber,/wiki/Maxi_Kleber,Southwest Division,WESTERN CONFERENCE
Wesley Matthews,Dallas Mavericks,@WessyWes23,/wiki/Wesley_Matthews,Southwest Division,WESTERN CONFERENCE
Josh McRoberts,Dallas Mavericks,@JoshMcRoberts11,/wiki/Josh_McRoberts,Southwest Division,WESTERN CONFERENCE
Salah Mejri,Dallas Mavericks,@50mejri,/wiki/Salah_Mejri,Southwest Division,WESTERN CONFERENCE
Johnathan Motley,Dallas Mavericks,@Moneymot5,/wiki/Johnathan_Motley,Southwest Division,WESTERN CONFERENCE
Nerlens Noel,Dallas Mavericks,@NerlensNoel3,/wiki/Nerlens_Noel,Southwest Division,WESTERN CONFERENCE
Dirk Nowitzki,Dallas Mavericks,@swish41,/wiki/Dirk_Nowitzki,Southwest Division,WESTERN CONFERENCE
Dwight Powell,Dallas Mavericks,@DwightPowell33,/wiki/Dwight_Powell,Southwest Division,WESTERN CONFERENCE
Dennis Smith Jr.,Dallas Mavericks,@Dennis1SmithJr,/wiki/Dennis_Smith_Jr.,Southwest Division,WESTERN CONFERENCE
Trevor Ariza,Houston Rockets,@TrevorAriza,/wiki/Trevor_Ariza,Southwest Division,WESTERN CONFERENCE
Tarik Black,Houston Rockets,@TarikBlack25,/wiki/Tarik_Black,Southwest Division,WESTERN CONFERENCE
Clint Capela,Houston Rockets,@CapelaClint,/wiki/Clint_Capela,Southwest Division,WESTERN CONFERENCE
Eric Gordon,Houston Rockets,@TheOfficialEG10,/wiki/Eric_Gordon,Southwest Division,WESTERN CONFERENCE
James Harden,Houston Rockets,@JHarden13,/wiki/James_Harden,Southwest Division,WESTERN CONFERENCE
Demetrius Jackson,Houston Rockets,@D_Jay11,/wiki/Demetrius_Jackson,Southwest Division,WESTERN CONFERENCE
Luc Mbah a Moute,Houston Rockets,@mbahamoute,/wiki/Luc_Mbah_a_Moute,Southwest Division,WESTERN CONFERENCE
Chinanu Onuaku,Houston Rockets,@lifeofnanu_32,/wiki/Chinanu_Onuaku,Southwest Division,WESTERN CONFERENCE
Chris Paul,Houston Rockets,@CP3,/wiki/Chris_Paul,Southwest Division,WESTERN CONFERENCE
Brianté Weber,Houston Rockets,@Sir_deuce2,/wiki/Briant%C3%A9_Weber,Southwest Division,WESTERN CONFERENCE
Troy Williams,Houston Rockets,@troywilliams_,/wiki/Troy_Williams,Southwest Division,WESTERN CONFERENCE
Zhou Qi,Houston Rockets,@officialzhouqi,/wiki/Zhou_Qi,Southwest Division,WESTERN CONFERENCE
Dillon Brooks,Memphis Grizzlies,@dillonbrooks24,/wiki/Dillon_Brooks,Southwest Division,WESTERN CONFERENCE
Mario Chalmers,Memphis Grizzlies,@mchalmers15,/wiki/Mario_Chalmers,Southwest Division,WESTERN CONFERENCE
Mike Conley Jr.,Memphis Grizzlies,@mconley11,/wiki/Mike_Conley_Jr.,Southwest Division,WESTERN CONFERENCE
Deyonta Davis,Memphis Grizzlies,@Deyonta_Davis21,/wiki/Deyonta_Davis,Southwest Division,WESTERN CONFERENCE
Tyreke Evans,Memphis Grizzlies,@TyrekeEvans,/wiki/Tyreke_Evans,Southwest Division,WESTERN CONFERENCE
Marc Gasol,Memphis Grizzlies,@MarcGasol,/wiki/Marc_Gasol,Southwest Division,WESTERN CONFERENCE
JaMychal Green,Memphis Grizzlies,@Jmyke1,/wiki/JaMychal_Green,Southwest Division,WESTERN CONFERENCE
Vince Hunter,Memphis Grizzlies,@2easy32,/wiki/Vince_Hunter,Southwest Division,WESTERN CONFERENCE
Jarell Martin,Memphis Grizzlies,@MartinJarell,/wiki/Jarell_Martin,Southwest Division,WESTERN CONFERENCE
Ben McLemore,Memphis Grizzlies,@BenMcLemore,/wiki/Ben_McLemore,Southwest Division,WESTERN CONFERENCE
Chandler Parsons,Memphis Grizzlies,@ChandlerParsons,/wiki/Chandler_Parsons,Southwest Division,WESTERN CONFERENCE
Ivan Rabb,Memphis Grizzlies,@YoungIvee,/wiki/Ivan_Rabb,Southwest Division,WESTERN CONFERENCE
Wayne Selden Jr.,Memphis Grizzlies,@WayneSeldenJr,/wiki/Wayne_Selden_Jr.,Southwest Division,WESTERN CONFERENCE
Kobi Simmons,Memphis Grizzlies,@JordanKobi,/wiki/Kobi_Simmons,Southwest Division,WESTERN CONFERENCE
Brandan Wright,Memphis Grizzlies,@bwright34,/wiki/Brandan_Wright,Southwest Division,WESTERN CONFERENCE
Alexis Ajinca,New Orleans Pelicans,@AjincaAlexis42,/wiki/Alexis_Ajin%C3%A7a,Southwest Division,WESTERN CONFERENCE
Omer Asik,New Orleans Pelicans,@AsikOmer,/wiki/%C3%96mer_A%C5%9F%C4%B1k,Southwest Division,WESTERN CONFERENCE
DeMarcus Cousins,New Orleans Pelicans,@boogiecousins,/wiki/DeMarcus_Cousins,Southwest Division,WESTERN CONFERENCE
Dante Cunningham,New Orleans Pelicans,@DlamarC33,/wiki/Dante_Cunningham,Southwest Division,WESTERN CONFERENCE
Cheick Diallo,New Orleans Pelicans,@cheick_diallo13,/wiki/Cheick_Diallo,Southwest Division,WESTERN CONFERENCE
Jrue Holiday,New Orleans Pelicans,@Jrue_Holiday11,/wiki/Jrue_Holiday,Southwest Division,WESTERN CONFERENCE
Jalen Jones,New Orleans Pelicans,@JalenJones_21,/wiki/Jalen_Jones,Southwest Division,WESTERN CONFERENCE
Darius Miller,New Orleans Pelicans,@DmillerKY,/wiki/Darius_Miller,Southwest Division,WESTERN CONFERENCE
E'Twaun Moore,New Orleans Pelicans,@ETwaun55,/wiki/E%27Twaun_Moore,Southwest Division,WESTERN CONFERENCE
Jameer Nelson,New Orleans Pelicans,@jameernelson,/wiki/Jameer_Nelson,Southwest Division,WESTERN CONFERENCE
Rajon Rondo,New Orleans Pelicans,@rajonrondo,/wiki/Rajon_Rondo,Southwest Division,WESTERN CONFERENCE
LaMarcus Aldridge,San Antonio Spurs,@aldridge_12,/wiki/LaMarcus_Aldridge,Southwest Division,WESTERN CONFERENCE
Davis Bertans,San Antonio Spurs,@DBertans_42,/wiki/D%C4%81vis_Bert%C4%81ns,Southwest Division,WESTERN CONFERENCE
Matt Costello,San Antonio Spurs,@MattCostello10,/wiki/Matt_Costello,Southwest Division,WESTERN CONFERENCE
Bryn Forbes,San Antonio Spurs,@BrynjForbes,/wiki/Bryn_Forbes,Southwest Division,WESTERN CONFERENCE
Pau Gasol,San Antonio Spurs,@paugasol,/wiki/Pau_Gasol,Southwest Division,WESTERN CONFERENCE
Rudy Gay,San Antonio Spurs,@RudyGay,/wiki/Rudy_Gay,Southwest Division,WESTERN CONFERENCE
Manu Ginobili,San Antonio Spurs,@manuginobili,/wiki/Manu_Gin%C3%B3bili,Southwest Division,WESTERN CONFERENCE
Joffrey Lauvergne,San Antonio Spurs,@1JOLOLO,/wiki/Joffrey_Lauvergne,Southwest Division,WESTERN CONFERENCE
Kawhi Leonard,San Antonio Spurs,@kawhileonard,/wiki/Kawhi_Leonard,Southwest Division,WESTERN CONFERENCE
Patty Mills,San Antonio Spurs,@Patty_Mills,/wiki/Patty_Mills,Southwest Division,WESTERN CONFERENCE
Dejounte Murray,San Antonio Spurs,@DejounteMurray,/wiki/Dejounte_Murray,Southwest Division,WESTERN CONFERENCE
Tony Parker,San Antonio Spurs,@tonyparker,/wiki/Tony_Parker,Southwest Division,WESTERN CONFERENCE
Brandon Paul,San Antonio Spurs,@BP3,/wiki/Brandon_Paul,Southwest Division,WESTERN CONFERENCE
Will Barton,Denver Nuggets,@WillTheThrillB5,/wiki/Will_Barton,Northwest Division,WESTERN CONFERENCE
Malik Beasley,Denver Nuggets,@Mbeasy5,/wiki/Malik_Beasley,Northwest Division,WESTERN CONFERENCE
Wilson Chandler,Denver Nuggets,@wilsonchandler,/wiki/Wilson_Chandler,Northwest Division,WESTERN CONFERENCE
Torrey Craig,Denver Nuggets,@TCraig_23,/wiki/Torrey_Craig,Northwest Division,WESTERN CONFERENCE
Kenneth Faried,Denver Nuggets,@KennethFaried35,/wiki/Kenneth_Faried,Northwest Division,WESTERN CONFERENCE
Gary Harris,Denver Nuggets,@thats_G_,/wiki/Gary_Harris,Northwest Division,WESTERN CONFERENCE
Juan Hernangomez,Denver Nuggets,@juanchohg14,/wiki/Juan_Hernang%C3%B3mez,Northwest Division,WESTERN CONFERENCE
Richard Jefferson,Denver Nuggets,@jeffersonrich24,/wiki/Richard_Jefferson,Northwest Division,WESTERN CONFERENCE
Nikola Jokic,Denver Nuggets,@JokicNikola15,/wiki/Nikola_Joki%C4%87,Northwest Division,WESTERN CONFERENCE
Tyler Lydon,Denver Nuggets,@Tyler_Lydon14,/wiki/Tyler_Lydon,Northwest Division,WESTERN CONFERENCE
Trey Lyles,Denver Nuggets,@TreyLyles,/wiki/Trey_Lyles,Northwest Division,WESTERN CONFERENCE
Paul Millsap,Denver Nuggets,@Paulmillsap4,/wiki/Paul_Millsap,Northwest Division,WESTERN CONFERENCE
Monté Morris,Denver Nuggets,@montemorris11,/wiki/Mont%C3%A9_Morris,Northwest Division,WESTERN CONFERENCE
Emmanuel Mudiay,Denver Nuggets,@emmanuelmudiay,/wiki/Emmanuel_Mudiay,Northwest Division,WESTERN CONFERENCE
Jamal Murray,Denver Nuggets,@BeMore27,/wiki/Jamal_Murray,Northwest Division,WESTERN CONFERENCE
Mason Plumlee,Denver Nuggets,@masonplumlee,/wiki/Mason_Plumlee,Northwest Division,WESTERN CONFERENCE
Cole Aldrich,Minnesota Timberwolves,@colea45,/wiki/Cole_Aldrich,Northwest Division,WESTERN CONFERENCE
Nemanja Bjelica,Minnesota Timberwolves,@NemanjaBjelica,/wiki/Nemanja_Bjelica,Northwest Division,WESTERN CONFERENCE
Jamal Crawford,Minnesota Timberwolves,@JCrossover,/wiki/Jamal_Crawford,Northwest Division,WESTERN CONFERENCE
Gorgui Dieng,Minnesota Timberwolves,@GorguiDieng,/wiki/Gorgui_Dieng,Northwest Division,WESTERN CONFERENCE
Marcus Georges-Hunt,Minnesota Timberwolves,@GTMGH3,/wiki/Marcus_Georges-Hunt,Northwest Division,WESTERN CONFERENCE
Taj Gibson,Minnesota Timberwolves,@TajGibson22,/wiki/Taj_Gibson,Northwest Division,WESTERN CONFERENCE
Tyus Jones,Minnesota Timberwolves,@1Tyus,/wiki/Tyus_Jones,Northwest Division,WESTERN CONFERENCE
Shabazz Muhammad,Minnesota Timberwolves,@ShabazzMuhammad,/wiki/Shabazz_Muhammad,Northwest Division,WESTERN CONFERENCE
Justin Patton,Minnesota Timberwolves,@JustinPatton17,/wiki/Justin_Patton,Northwest Division,WESTERN CONFERENCE
Karl-Anthony Towns,Minnesota Timberwolves,@karltowns,/wiki/Karl-Anthony_Towns,Northwest Division,WESTERN CONFERENCE
Andrew Wiggins,Minnesota Timberwolves,@22wiggins,/wiki/Andrew_Wiggins,Northwest Division,WESTERN CONFERENCE
Alex Abrines,Oklahoma City Thunder,@alexabrines,/wiki/%C3%81lex_Abrines,Northwest Division,WESTERN CONFERENCE
Steven Adams,Oklahoma City Thunder,@RealStevenAdams,/wiki/Steven_Adams,Northwest Division,WESTERN CONFERENCE
Carmelo Anthony,Oklahoma City Thunder,@carmeloanthony,/wiki/Carmelo_Anthony,Northwest Division,WESTERN CONFERENCE
Nick Collison,Oklahoma City Thunder,@nickcollison4,/wiki/Nick_Collison,Northwest Division,WESTERN CONFERENCE
P. J. Dozier,Oklahoma City Thunder,@Dozier_Kid,/wiki/P._J._Dozier,Northwest Division,WESTERN CONFERENCE
Raymond Felton,Oklahoma City Thunder,@RFeltonGBMS,/wiki/Raymond_Felton,Northwest Division,WESTERN CONFERENCE
Terrance Ferguson,Oklahoma City Thunder,@the2kferguson,/wiki/Terrance_Ferguson,Northwest Division,WESTERN CONFERENCE
Paul George,Oklahoma City Thunder,@Yg_Trece,/wiki/Paul_George,Northwest Division,WESTERN CONFERENCE
Jerami Grant,Oklahoma City Thunder,@JeramiGrant,/wiki/Jerami_Grant,Northwest Division,WESTERN CONFERENCE
Josh Huestis,Oklahoma City Thunder,@jhuestis,/wiki/Josh_Huestis,Northwest Division,WESTERN CONFERENCE
Dakari Johnson,Oklahoma City Thunder,@DakariJohnson,/wiki/Dakari_Johnson,Northwest Division,WESTERN CONFERENCE
André Roberson,Oklahoma City Thunder,@FlyDre21,/wiki/Andr%C3%A9_Roberson,Northwest Division,WESTERN CONFERENCE
Kyle Singler,Oklahoma City Thunder,@KyleSingler,/wiki/Kyle_Singler,Northwest Division,WESTERN CONFERENCE
Russell Westbrook,Oklahoma City Thunder,@russwest44,/wiki/Russell_Westbrook,Northwest Division,WESTERN CONFERENCE
Al-Farouq Aminu,Portland Trail Blazers,@farouq1,/wiki/Al-Farouq_Aminu,Northwest Division,WESTERN CONFERENCE
Wade Baldwin IV,Portland Trail Blazers,@The_Fourth_Wade,/wiki/Wade_Baldwin_IV,Northwest Division,WESTERN CONFERENCE
Zach Collins,Portland Trail Blazers,@zcollins_33,/wiki/Zach_Collins,Northwest Division,WESTERN CONFERENCE
Pat Connaughton,Portland Trail Blazers,@PlanetPat5,/wiki/Pat_Connaughton,Northwest Division,WESTERN CONFERENCE
Maurice Harkless,Portland Trail Blazers,@moe_harkless,/wiki/Maurice_Harkless,Northwest Division,WESTERN CONFERENCE
Jake Layman,Portland Trail Blazers,@JLayman10,/wiki/Jake_Layman,Northwest Division,WESTERN CONFERENCE
Meyers Leonard,Portland Trail Blazers,@MeyersLeonard11,/wiki/Meyers_Leonard,Northwest Division,WESTERN CONFERENCE
Damian Lillard,Portland Trail Blazers,@Dame_Lillard,/wiki/Damian_Lillard,Northwest Division,WESTERN CONFERENCE
C. J. McCollum,Portland Trail Blazers,@CJMcCollum,/wiki/C._J._McCollum,Northwest Division,WESTERN CONFERENCE
Shabazz Napier,Portland Trail Blazers,@ShabazzNapier,/wiki/Shabazz_Napier,Northwest Division,WESTERN CONFERENCE
Jusuf Nurkic,Portland Trail Blazers,@bosnianbeast27,/wiki/Jusuf_Nurki%C4%87,Northwest Division,WESTERN CONFERENCE
Caleb Swanigan,Portland Trail Blazers,@calebswanigan50,/wiki/Caleb_Swanigan,Northwest Division,WESTERN CONFERENCE
Evan Turner,Portland Trail Blazers,@thekidet,/wiki/Evan_Turner,Northwest Division,WESTERN CONFERENCE
Noah Vonleh,Portland Trail Blazers,@NoahVonleh,/wiki/Noah_Vonleh,Northwest Division,WESTERN CONFERENCE
C. J. Wilcox,Portland Trail Blazers,@UCjwilcox23W,/wiki/C._J._Wilcox,Northwest Division,WESTERN CONFERENCE
Alec Burks,Utah Jazz,@AlecBurks10,/wiki/Alec_Burks,Northwest Division,WESTERN CONFERENCE
Dante Exum,Utah Jazz,@daanteee,/wiki/Dante_Exum,Northwest Division,WESTERN CONFERENCE
Derrick Favors,Utah Jazz,@DFavors14,/wiki/Derrick_Favors,Northwest Division,WESTERN CONFERENCE
Rudy Gobert,Utah Jazz,@rudygobert27,/wiki/Rudy_Gobert,Northwest Division,WESTERN CONFERENCE
Rodney Hood,Utah Jazz,@rodneyhood,/wiki/Rodney_Hood,Northwest Division,WESTERN CONFERENCE
Joe Ingles,Utah Jazz,@Joeingles7,/wiki/Joe_Ingles,Northwest Division,WESTERN CONFERENCE
Jonas Jerebko,Utah Jazz,@JonasJerebko,/wiki/Jonas_Jerebko,Northwest Division,WESTERN CONFERENCE
Raulzinho Neto,Utah Jazz,@RaulTogni,/wiki/Raulzinho_Neto,Northwest Division,WESTERN CONFERENCE
Royce O'Neale,Utah Jazz,@BucketsONeale00,/wiki/Royce_O%27Neale,Northwest Division,WESTERN CONFERENCE
Ricky Rubio,Utah Jazz,@rickyrubio9,/wiki/Ricky_Rubio,Northwest Division,WESTERN CONFERENCE
Thabo Sefolosha,Utah Jazz,@ThaboSefolosha,/wiki/Thabo_Sefolosha,Northwest Division,WESTERN CONFERENCE
Ekpe Udoh,Utah Jazz,@EkpeUdoh,/wiki/Ekpe_Udoh,Northwest Division,WESTERN CONFERENCE
Ekpe Udoh,Utah Jazz,@EkpeUdoh,/wiki/Ekpe_Udoh,Northwest Division,WESTERN CONFERENCE
Nate Wolters,Utah Jazz,@natewolters,/wiki/Nate_Wolters,Northwest Division,WESTERN CONFERENCE
Jordan Bell,Golden State Warriors,@1jordanbell,/wiki/Jordan_Bell,Pacific Division,WESTERN CONFERENCE
Omri Casspi,Golden State Warriors,@Casspi18,/wiki/Omri_Casspi,Pacific Division,WESTERN CONFERENCE
Quinn Cook,Golden State Warriors,@QCook323,/wiki/Quinn_Cook,Pacific Division,WESTERN CONFERENCE
Stephen Curry,Golden State Warriors,@stephencurry30,/wiki/Stephen_Curry,Pacific Division,WESTERN CONFERENCE
Kevin Durant,Golden State Warriors,@KDTrey5,/wiki/Kevin_Durant,Pacific Division,WESTERN CONFERENCE
Draymond Green,Golden State Warriors,@Money23Green,/wiki/Draymond_Green,Pacific Division,WESTERN CONFERENCE
Andre Iguodala,Golden State Warriors,@andre,/wiki/Andre_Iguodala,Pacific Division,WESTERN CONFERENCE
Shaun Livingston,Golden State Warriors,@ShaunLivingston,/wiki/Shaun_Livingston,Pacific Division,WESTERN CONFERENCE
Kevon Looney,Golden State Warriors,@Loon_Rebel5,/wiki/Kevon_Looney,Pacific Division,WESTERN CONFERENCE
Patrick McCaw,Golden State Warriors,@PMcCaw0,/wiki/Patrick_McCaw,Pacific Division,WESTERN CONFERENCE
JaVale McGee,Golden State Warriors,@JaValeMcGee,/wiki/JaVale_McGee,Pacific Division,WESTERN CONFERENCE
Zaza Pachulia,Golden State Warriors,@zaza27,/wiki/Zaza_Pachulia,Pacific Division,WESTERN CONFERENCE
Klay Thompson,Golden State Warriors,@KlayThompson,/wiki/Klay_Thompson,Pacific Division,WESTERN CONFERENCE
Patrick Beverley,Los Angeles Clippers,@patbev21,/wiki/Patrick_Beverley,Pacific Division,WESTERN CONFERENCE
Sam Dekker,Los Angeles Clippers,@dekker,/wiki/Sam_Dekker,Pacific Division,WESTERN CONFERENCE
Jawun Evans,Los Angeles Clippers,@j3vans1_,/wiki/Jawun_Evans,Pacific Division,WESTERN CONFERENCE
Danilo Gallinari,Los Angeles Clippers,@gallinari8888,/wiki/Danilo_Gallinari,Pacific Division,WESTERN CONFERENCE
Blake Griffin,Los Angeles Clippers,@blakegriffin32,/wiki/Blake_Griffin,Pacific Division,WESTERN CONFERENCE
Montrezl Harrell,Los Angeles Clippers,@MONSTATREZZ,/wiki/Montrezl_Harrell,Pacific Division,WESTERN CONFERENCE
Brice Johnson,Los Angeles Clippers,@bjohnson_23,/wiki/Brice_Johnson,Pacific Division,WESTERN CONFERENCE
DeAndre Jordan,Los Angeles Clippers,@DeAndre,/wiki/DeAndre_Jordan,Pacific Division,WESTERN CONFERENCE
Austin Rivers,Los Angeles Clippers,@AustinRivers25,/wiki/Austin_Rivers,Pacific Division,WESTERN CONFERENCE
Milos Teodosic,Los Angeles Clippers,@milosteodosic4,/wiki/Milo%C5%A1_Teodosi%C4%87,Pacific Division,WESTERN CONFERENCE
Sindarius Thornwell,Los Angeles Clippers,@Sin_City_803,/wiki/Sindarius_Thornwell,Pacific Division,WESTERN CONFERENCE
C. J. Williams,Los Angeles Clippers,@C_Will21,/wiki/C._J._Williams,Pacific Division,WESTERN CONFERENCE
Lou Williams,Los Angeles Clippers,@TeamLou23,/wiki/Lou_Williams,Pacific Division,WESTERN CONFERENCE
Lonzo Ball,Los Angeles Lakers,@ZO2_,/wiki/Lonzo_Ball,Pacific Division,WESTERN CONFERENCE
Vander Blue,Los Angeles Lakers,@veezy_SQ,/wiki/Vander_Blue,Pacific Division,WESTERN CONFERENCE
Andrew Bogut,Los Angeles Lakers,@andrewbogut,/wiki/Andrew_Bogut,Pacific Division,WESTERN CONFERENCE
Corey Brewer,Los Angeles Lakers,@TheCoreyBrewer,/wiki/Corey_Brewer,Pacific Division,WESTERN CONFERENCE
Kentavious Caldwell-Pope,Los Angeles Lakers,@CaldwellPope,/wiki/Kentavious_Caldwell-Pope,Pacific Division,WESTERN CONFERENCE
Alex Caruso,Los Angeles Lakers,@ACFresh21,/wiki/Alex_Caruso,Pacific Division,WESTERN CONFERENCE
Jordan Clarkson,Los Angeles Lakers,@JordanClarksons,/wiki/Jordan_Clarkson,Pacific Division,WESTERN CONFERENCE
Luol Deng,Los Angeles Lakers,@LuolDeng9,/wiki/Luol_Deng,Pacific Division,WESTERN CONFERENCE
Brandon Ingram,Los Angeles Lakers,@b_ingram13,/wiki/Brandon_Ingram,Pacific Division,WESTERN CONFERENCE
Kyle Kuzma,Los Angeles Lakers,@kylekuzma,/wiki/Kyle_Kuzma,Pacific Division,WESTERN CONFERENCE
Brook Lopez,Los Angeles Lakers,@RealBrookLopez,/wiki/Brook_Lopez,Pacific Division,WESTERN CONFERENCE
Larry Nance Jr.,Los Angeles Lakers,@larrydn22,/wiki/Larry_Nance_Jr.,Pacific Division,WESTERN CONFERENCE
Julius Randle,Los Angeles Lakers,@J30_RANDLE,/wiki/Julius_Randle,Pacific Division,WESTERN CONFERENCE
Ivica Zubac,Los Angeles Lakers,@Lakers,/wiki/Ivica_Zubac,Pacific Division,WESTERN CONFERENCE
Dragan Bender,Phoenix Suns,@DBender03,/wiki/Dragan_Bender,Pacific Division,WESTERN CONFERENCE
Devin Booker,Phoenix Suns,@DevinBook,/wiki/Devin_Booker,Pacific Division,WESTERN CONFERENCE
Isaiah Canaan,Phoenix Suns,@SiP03,/wiki/Isaiah_Canaan,Pacific Division,WESTERN CONFERENCE
Tyson Chandler,Phoenix Suns,@tysonchandler,/wiki/Tyson_Chandler,Pacific Division,WESTERN CONFERENCE
Marquese Chriss,Phoenix Suns,@quese,/wiki/Marquese_Chriss,Pacific Division,WESTERN CONFERENCE
Troy Daniels,Phoenix Suns,@troydaniels,/wiki/Troy_Daniels,Pacific Division,WESTERN CONFERENCE
Jared Dudley,Phoenix Suns,@JaredDudley619,/wiki/Jared_Dudley,Pacific Division,WESTERN CONFERENCE
Danuel House,Phoenix Suns,@DanuelHouseJr,/wiki/Danuel_House,Pacific Division,WESTERN CONFERENCE
Alex Len,Phoenix Suns,@alexlen,/wiki/Alex_Len,Pacific Division,WESTERN CONFERENCE
Greg Monroe,Phoenix Suns,@M10OSE,/wiki/Greg_Monroe,Pacific Division,WESTERN CONFERENCE
Alec Peters,Phoenix Suns,@petersalec,/wiki/Alec_Peters,Pacific Division,WESTERN CONFERENCE
Davon Reed,Phoenix Suns,@ClutchREED_5,/wiki/Davon_Reed,Pacific Division,WESTERN CONFERENCE
Tyler Ulis,Phoenix Suns,@tulis3,/wiki/Tyler_Ulis,Pacific Division,WESTERN CONFERENCE
T. J. Warren,Phoenix Suns,@savage_teejayy,/wiki/T._J._Warren,Pacific Division,WESTERN CONFERENCE
Vince Carter,Sacramento Kings,@mrvincecarter15,/wiki/Vince_Carter,Pacific Division,WESTERN CONFERENCE
Willie Cauley-Stein,Sacramento Kings,@thewilliecs15,/wiki/Willie_Cauley-Stein,Pacific Division,WESTERN CONFERENCE
Jack Cooley,Sacramento Kings,@JackCooligan45,/wiki/Jack_Cooley,Pacific Division,WESTERN CONFERENCE
De'Aaron Fox,Sacramento Kings,@swipathefox,/wiki/De%27Aaron_Fox,Pacific Division,WESTERN CONFERENCE
Buddy Hield,Sacramento Kings,@buddyhield,/wiki/Buddy_Hield,Pacific Division,WESTERN CONFERENCE
Kosta Koufos,Sacramento Kings,@kostakoufos,/wiki/Kosta_Koufos,Pacific Division,WESTERN CONFERENCE
Skal Labissière,Sacramento Kings,@OneBigHaitian,/wiki/Skal_Labissi%C3%A8re,Pacific Division,WESTERN CONFERENCE
Frank Mason III,Sacramento Kings,@FrankMason0,/wiki/Frank_Mason_III,Pacific Division,WESTERN CONFERENCE
Georgios Papagiannis,Sacramento Kings,@G_P_06,/wiki/Georgios_Papagiannis,Pacific Division,WESTERN CONFERENCE
Zach Randolph,Sacramento Kings,@MacBo50,/wiki/Zach_Randolph,Pacific Division,WESTERN CONFERENCE
Malachi Richardson,Sacramento Kings,@Maliirich_22,/wiki/Malachi_Richardson,Pacific Division,WESTERN CONFERENCE
JaKarr Sampson,Sacramento Kings,@KarrSampson14,/wiki/JaKarr_Sampson,Pacific Division,WESTERN CONFERENCE
Garrett Temple,Sacramento Kings,@GTemp14,/wiki/Garrett_Temple,Pacific Division,WESTERN CONFERENCE
